match_id,group,home,away,p_home,p_draw,p_away,exp_goals_home,exp_goals_away,over_2_5,btts,top_score,top_score_p,drivers
GA-mexico-south-africa,A,mexico,south-africa,0.8525,0.1243,0.0231,2.54,0.3,0.5384,0.2444,2-0,0.1889,"Mexico is 415 Elo points stronger — the model's lean | Mexico gets the host-nation venue bonus (+75 Elo) | Expected score 2.5-0.3, over-2.5 goals 54%"
GA-mexico-south-korea,A,mexico,south-korea,0.6822,0.2141,0.1037,2.09,0.71,0.5321,0.4592,2-0,0.1323,"Mexico is 260 Elo points stronger — the model's lean | Mexico gets the host-nation venue bonus (+75 Elo) | Expected score 2.1-0.7, over-2.5 goals 53%"
GA-mexico-czech-republic,A,mexico,czech-republic,0.7634,0.1766,0.0601,2.28,0.53,0.532,0.3765,2-0,0.1572,"Mexico is 326 Elo points stronger — the model's lean | Mexico gets the host-nation venue bonus (+75 Elo) | Expected score 2.3-0.5, over-2.5 goals 53%"
GA-south-africa-south-korea,A,south-africa,south-korea,0.1733,0.2583,0.5684,0.91,1.79,0.5063,0.5112,1-1,0.1235,"South Korea is 155 Elo points stronger — the model's lean | Expected score 0.9-1.8, over-2.5 goals 51%"
GA-south-africa-czech-republic,A,south-africa,czech-republic,0.2444,0.2793,0.4763,1.1,1.6,0.5064,0.5472,1-1,0.1335,"Czech Republic is 89 Elo points stronger — the model's lean | Expected score 1.1-1.6, over-2.5 goals 51%"
GA-south-korea-czech-republic,A,south-korea,czech-republic,0.4443,0.2841,0.2716,1.54,1.16,0.5064,0.5551,1-1,0.1357,"South Korea is 66 Elo points stronger — the model's lean | Tight rating + low-scoring tendency -> elevated draw chance (28%) | Expected score 1.5-1.2, over-2.5 goals 51%"
GB-canada-bosnia-and-herzegovina,B,canada,bosnia-and-herzegovina,0.5434,0.2596,0.1969,1.8,1.01,0.5322,0.5449,1-1,0.1239,"Canada is 156 Elo points stronger — the model's lean | Canada gets the host-nation venue bonus (+75 Elo) | Expected score 1.8-1.0, over-2.5 goals 53%"
GB-canada-qatar,B,canada,qatar,0.8042,0.1544,0.0414,2.38,0.42,0.5319,0.3209,2-0,0.1718,"Canada is 362 Elo points stronger — the model's lean | Canada gets the host-nation venue bonus (+75 Elo) | Expected score 2.4-0.4, over-2.5 goals 53%"
GB-canada-switzerland,B,canada,switzerland,0.1591,0.2451,0.5958,0.9,1.91,0.5322,0.5191,1-1,0.1172,"Switzerland is 157 Elo points stronger — the model's lean | Canada gets the host-nation venue bonus (+75 Elo) | Expected score 0.9-1.9, over-2.5 goals 53%"
GB-bosnia-and-herzegovina-qatar,B,bosnia-and-herzegovina,qatar,0.6384,0.2354,0.1261,1.94,0.76,0.5063,0.4692,2-0,0.1263,"Bosnia And Herzegovina is 206 Elo points stronger — the model's lean | Expected score 1.9-0.8, over-2.5 goals 51%"
GB-bosnia-and-herzegovina-switzerland,B,bosnia-and-herzegovina,switzerland,0.0515,0.1736,0.7749,0.46,2.24,0.5061,0.3361,0-2,0.1693,"Switzerland is 313 Elo points stronger — the model's lean | Expected score 0.5-2.2, over-2.5 goals 51%"
GB-qatar-switzerland,B,qatar,switzerland,0.0176,0.0992,0.8833,0.3,2.83,0.6049,0.2487,0-2,0.1754,"Switzerland is 519 Elo points stronger — the model's lean | Expected score 0.3-2.8, over-2.5 goals 60%"
GC-brazil-morocco,C,brazil,morocco,0.4874,0.2773,0.2352,1.63,1.07,0.5063,0.5439,1-1,0.1326,"Brazil is 97 Elo points stronger — the model's lean | Expected score 1.6-1.1, over-2.5 goals 51%"
GC-brazil-haiti,C,brazil,haiti,0.8596,0.1185,0.0218,2.6,0.3,0.553,0.2455,2-0,0.1863,"Brazil is 437 Elo points stronger — the model's lean | Expected score 2.6-0.3, over-2.5 goals 55%"
GC-brazil-scotland,C,brazil,scotland,0.7348,0.1942,0.0709,2.15,0.55,0.5062,0.3841,2-0,0.1554,"Brazil is 280 Elo points stronger — the model's lean | Expected score 2.2-0.6, over-2.5 goals 51%"
GC-morocco-haiti,C,morocco,haiti,0.806,0.156,0.038,2.32,0.38,0.506,0.2919,2-0,0.1812,"Morocco is 340 Elo points stronger — the model's lean | Expected score 2.3-0.4, over-2.5 goals 51%"
GC-morocco-scotland,C,morocco,scotland,0.6071,0.2464,0.1465,1.87,0.83,0.5063,0.4897,2-0,0.1179,"Morocco is 183 Elo points stronger — the model's lean | Expected score 1.9-0.8, over-2.5 goals 51%"
GC-haiti-scotland,C,haiti,scotland,0.1713,0.2575,0.5712,0.9,1.8,0.5063,0.5098,1-1,0.1231,"Scotland is 157 Elo points stronger — the model's lean | Expected score 0.9-1.8, over-2.5 goals 51%"
GD-usa-paraguay,D,usa,paraguay,0.3599,0.2834,0.3567,1.41,1.4,0.5322,0.5844,1-1,0.1344,"Both sides rated within 20 Elo — close to a coin-flip | Usa gets the host-nation venue bonus (+75 Elo) | Tight rating + low-scoring tendency -> elevated draw chance (28%) | Expected score 1.4-1.4, over-2.5 goals 53%"
GD-usa-australia,D,usa,australia,0.406,0.2817,0.3123,1.51,1.3,0.5322,0.5817,1-1,0.1337,"Both sides rated within 55 Elo — close to a coin-flip | Usa gets the host-nation venue bonus (+75 Elo) | Tight rating + low-scoring tendency -> elevated draw chance (28%) | Expected score 1.5-1.3, over-2.5 goals 53%"
GD-usa-turkey,D,usa,turkey,0.3954,0.2823,0.3223,1.48,1.32,0.5322,0.5827,1-1,0.134,"Both sides rated within 47 Elo — close to a coin-flip | Usa gets the host-nation venue bonus (+75 Elo) | Tight rating + low-scoring tendency -> elevated draw chance (28%) | Expected score 1.5-1.3, over-2.5 goals 53%"
GD-paraguay-australia,D,paraguay,australia,0.4018,0.2884,0.3098,1.45,1.25,0.5064,0.562,1-1,0.1376,"Both sides rated within 35 Elo — close to a coin-flip | Tight rating + low-scoring tendency -> elevated draw chance (29%) | Expected score 1.5-1.3, over-2.5 goals 51%"
GD-paraguay-turkey,D,paraguay,turkey,0.391,0.289,0.32,1.43,1.27,0.5064,0.563,1-1,0.138,"Both sides rated within 27 Elo — close to a coin-flip | Tight rating + low-scoring tendency -> elevated draw chance (29%) | Expected score 1.4-1.3, over-2.5 goals 51%"
GD-australia-turkey,D,australia,turkey,0.3445,0.2899,0.3656,1.33,1.37,0.5064,0.5645,1-1,0.1384,"Both sides rated within 8 Elo — close to a coin-flip | Tight rating + low-scoring tendency -> elevated draw chance (29%) | Expected score 1.3-1.4, over-2.5 goals 51%"
GE-germany-curacao,E,germany,curacao,0.8468,0.129,0.0242,2.49,0.3,0.527,0.2436,2-0,0.1907,"Germany is 398 Elo points stronger — the model's lean | Expected score 2.5-0.3, over-2.5 goals 53%"
GE-germany-ivory-coast,E,germany,ivory-coast,0.5545,0.2621,0.1834,1.76,0.94,0.5063,0.518,1-1,0.1254,"Germany is 145 Elo points stronger — the model's lean | Expected score 1.8-0.9, over-2.5 goals 51%"
GE-germany-ecuador,E,germany,ecuador,0.3991,0.2885,0.3123,1.44,1.26,0.5064,0.5623,1-1,0.1377,"Both sides rated within 33 Elo — close to a coin-flip | Tight rating + low-scoring tendency -> elevated draw chance (29%) | Expected score 1.4-1.3, over-2.5 goals 51%"
GE-curacao-ivory-coast,E,curacao,ivory-coast,0.0892,0.2102,0.7006,0.63,2.07,0.5062,0.4186,0-2,0.1444,"Ivory Coast is 253 Elo points stronger — the model's lean | Expected score 0.6-2.1, over-2.5 goals 51%"
GE-curacao-ecuador,E,curacao,ecuador,0.0273,0.1394,0.8333,0.31,2.39,0.506,0.2467,0-2,0.1926,"Ecuador is 365 Elo points stronger — the model's lean | Expected score 0.3-2.4, over-2.5 goals 51%"
GE-ivory-coast-ecuador,E,ivory-coast,ecuador,0.2184,0.2732,0.5084,1.03,1.67,0.5063,0.537,1-1,0.1306,"Ecuador is 112 Elo points stronger — the model's lean | Expected score 1.0-1.7, over-2.5 goals 51%"
GF-netherlands-japan,F,netherlands,japan,0.454,0.2828,0.2632,1.56,1.14,0.5064,0.5529,1-1,0.1351,"Netherlands is 73 Elo points stronger — the model's lean | Tight rating + low-scoring tendency -> elevated draw chance (28%) | Expected score 1.6-1.1, over-2.5 goals 51%"
GF-netherlands-sweden,F,netherlands,sweden,0.6505,0.2309,0.1186,1.96,0.74,0.5063,0.4604,2-0,0.1297,"Netherlands is 215 Elo points stronger — the model's lean | Expected score 2.0-0.7, over-2.5 goals 51%"
GF-netherlands-tunisia,F,netherlands,tunisia,0.8609,0.1175,0.0216,2.61,0.3,0.5557,0.2456,2-0,0.1858,"Netherlands is 441 Elo points stronger — the model's lean | Expected score 2.6-0.3, over-2.5 goals 56%"
GF-japan-sweden,F,japan,sweden,0.5503,0.2632,0.1865,1.76,0.94,0.5063,0.5199,1-1,0.1259,"Japan is 142 Elo points stronger — the model's lean | Expected score 1.8-0.9, over-2.5 goals 51%"
GF-japan-tunisia,F,japan,tunisia,0.8362,0.1376,0.0262,2.4,0.3,0.5063,0.242,2-0,0.1937,"Japan is 368 Elo points stronger — the model's lean | Expected score 2.4-0.3, over-2.5 goals 51%"
GF-sweden-tunisia,F,sweden,tunisia,0.6652,0.2251,0.1096,2,0.7,0.5063,0.4491,2-0,0.1339,"Sweden is 226 Elo points stronger — the model's lean | Expected score 2.0-0.7, over-2.5 goals 51%"
GG-belgium-egypt,G,belgium,egypt,0.6666,0.2246,0.1088,2,0.7,0.5063,0.448,2-0,0.1343,"Belgium is 227 Elo points stronger — the model's lean | Expected score 2.0-0.7, over-2.5 goals 51%"
GG-belgium-iran,G,belgium,iran,0.6586,0.2278,0.1137,1.98,0.72,0.5063,0.4543,2-0,0.132,"Belgium is 221 Elo points stronger — the model's lean | Expected score 2.0-0.7, over-2.5 goals 51%"
GG-belgium-new-zealand,G,belgium,new-zealand,0.8482,0.1279,0.024,2.5,0.3,0.5297,0.2438,2-0,0.1903,"Belgium is 402 Elo points stronger — the model's lean | Expected score 2.5-0.3, over-2.5 goals 53%"
GG-egypt-iran,G,egypt,iran,0.3471,0.29,0.3629,1.33,1.37,0.5064,0.5646,1-1,0.1384,"Both sides rated within 6 Elo — close to a coin-flip | Tight rating + low-scoring tendency -> elevated draw chance (29%) | Expected score 1.3-1.4, over-2.5 goals 51%"
GG-egypt-new-zealand,G,egypt,new-zealand,0.5961,0.25,0.154,1.85,0.85,0.5063,0.4963,1-1,0.1194,"Egypt is 175 Elo points stronger — the model's lean | Expected score 1.9-0.9, over-2.5 goals 51%"
GG-iran-new-zealand,G,iran,new-zealand,0.6043,0.2473,0.1484,1.87,0.83,0.5063,0.4914,1-1,0.1181,"Iran is 181 Elo points stronger — the model's lean | Expected score 1.9-0.8, over-2.5 goals 51%"
GH-spain-cape-verde,H,spain,cape-verde,0.9259,0.0637,0.0103,3.41,0.3,0.7138,0.2538,3-0,0.1631,"Spain is 721 Elo points stronger — the model's lean | Expected score 3.4-0.3, over-2.5 goals 71%"
GH-spain-saudi-arabia,H,spain,saudi-arabia,0.9125,0.075,0.0125,3.2,0.3,0.677,0.2523,3-0,0.1659,"Spain is 647 Elo points stronger — the model's lean | Expected score 3.2-0.3, over-2.5 goals 68%"
GH-spain-uruguay,H,spain,uruguay,0.8577,0.1201,0.0222,2.58,0.3,0.5491,0.2452,2-0,0.187,"Spain is 431 Elo points stronger — the model's lean | Expected score 2.6-0.3, over-2.5 goals 55%"
GH-cape-verde-saudi-arabia,H,cape-verde,saudi-arabia,0.262,0.2826,0.4554,1.14,1.56,0.5064,0.5526,1-1,0.135,"Saudi Arabia is 74 Elo points stronger — the model's lean | Tight rating + low-scoring tendency -> elevated draw chance (28%) | Expected score 1.1-1.6, over-2.5 goals 51%"
GH-cape-verde-uruguay,H,cape-verde,uruguay,0.0647,0.1881,0.7472,0.52,2.18,0.5062,0.3702,0-2,0.1596,"Uruguay is 290 Elo points stronger — the model's lean | Expected score 0.5-2.2, over-2.5 goals 51%"
GH-saudi-arabia-uruguay,H,saudi-arabia,uruguay,0.1177,0.2304,0.6519,0.73,1.97,0.5063,0.4594,0-2,0.1301,"Uruguay is 216 Elo points stronger — the model's lean | Expected score 0.7-2.0, over-2.5 goals 51%"
GI-france-senegal,I,france,senegal,0.7594,0.1819,0.0588,2.21,0.49,0.5061,0.3558,2-0,0.1638,"France is 300 Elo points stronger — the model's lean | Expected score 2.2-0.5, over-2.5 goals 51%"
GI-france-iraq,I,france,iraq,0.8928,0.0913,0.0159,2.94,0.3,0.6274,0.25,2-0,0.1698,"France is 557 Elo points stronger — the model's lean | Expected score 2.9-0.3, over-2.5 goals 63%"
GI-france-norway,I,france,norway,0.5837,0.2538,0.1625,1.82,0.88,0.5063,0.5033,1-1,0.1213,"France is 166 Elo points stronger — the model's lean | Expected score 1.8-0.9, over-2.5 goals 51%"
GI-senegal-iraq,I,senegal,iraq,0.7057,0.2079,0.0864,2.08,0.62,0.5062,0.4138,2-0,0.146,"Senegal is 257 Elo points stronger — the model's lean | Expected score 2.1-0.6, over-2.5 goals 51%"
GI-senegal-norway,I,senegal,norway,0.1948,0.2661,0.5391,0.97,1.73,0.5063,0.5249,1-1,0.1273,"Norway is 134 Elo points stronger — the model's lean | Expected score 1.0-1.7, over-2.5 goals 51%"
GI-iraq-norway,I,iraq,norway,0.0247,0.1309,0.8444,0.3,2.47,0.5222,0.2432,0-2,0.1915,"Norway is 391 Elo points stronger — the model's lean | Expected score 0.3-2.5, over-2.5 goals 52%"
GJ-argentina-algeria,J,argentina,algeria,0.8574,0.1203,0.0222,2.58,0.3,0.5484,0.2451,2-0,0.1872,"Argentina is 430 Elo points stronger — the model's lean | Expected score 2.6-0.3, over-2.5 goals 55%"
GJ-argentina-austria,J,argentina,austria,0.7924,0.1639,0.0437,2.29,0.41,0.5061,0.3121,2-0,0.1759,"Argentina is 328 Elo points stronger — the model's lean | Expected score 2.3-0.4, over-2.5 goals 51%"
GJ-argentina-jordan,J,argentina,jordan,0.8914,0.0925,0.0161,2.92,0.3,0.6239,0.2498,2-0,0.1707,"Argentina is 551 Elo points stronger — the model's lean | Expected score 2.9-0.3, over-2.5 goals 62%"
GJ-algeria-austria,J,algeria,austria,0.2296,0.276,0.4944,1.06,1.64,0.5063,0.5417,1-1,0.132,"Austria is 102 Elo points stronger — the model's lean | Expected score 1.1-1.6, over-2.5 goals 51%"
GJ-algeria-jordan,J,algeria,jordan,0.521,0.2704,0.2086,1.7,1,0.5063,0.5323,1-1,0.1293,"Algeria is 121 Elo points stronger — the model's lean | Expected score 1.7-1.0, over-2.5 goals 51%"
GJ-austria-jordan,J,austria,jordan,0.6612,0.2267,0.112,1.99,0.71,0.5063,0.4522,2-0,0.1327,"Austria is 223 Elo points stronger — the model's lean | Expected score 2.0-0.7, over-2.5 goals 51%"
GK-portugal-dr-congo,K,portugal,dr-congo,0.7642,0.1793,0.0565,2.22,0.48,0.5061,0.3499,2-0,0.1655,"Portugal is 304 Elo points stronger — the model's lean | Expected score 2.2-0.5, over-2.5 goals 51%"
GK-portugal-uzbekistan,K,portugal,uzbekistan,0.8387,0.1355,0.0258,2.42,0.3,0.5112,0.2424,2-0,0.193,"Portugal is 375 Elo points stronger — the model's lean | Expected score 2.4-0.3, over-2.5 goals 51%"
GK-portugal-colombia,K,portugal,colombia,0.3843,0.2894,0.3264,1.41,1.29,0.5064,0.5636,1-1,0.1381,"Both sides rated within 22 Elo — close to a coin-flip | Tight rating + low-scoring tendency -> elevated draw chance (29%) | Expected score 1.4-1.3, over-2.5 goals 51%"
GK-dr-congo-uzbekistan,K,dr-congo,uzbekistan,0.4512,0.2832,0.2656,1.55,1.15,0.5064,0.5536,1-1,0.1353,"Dr Congo is 71 Elo points stronger — the model's lean | Tight rating + low-scoring tendency -> elevated draw chance (28%) | Expected score 1.6-1.1, over-2.5 goals 51%"
GK-dr-congo-colombia,K,dr-congo,colombia,0.0697,0.193,0.7373,0.54,2.16,0.5062,0.3814,0-2,0.1562,"Colombia is 282 Elo points stronger — the model's lean | Expected score 0.5-2.2, over-2.5 goals 51%"
GK-uzbekistan-colombia,K,uzbekistan,colombia,0.0322,0.1474,0.8204,0.34,2.36,0.506,0.2689,0-2,0.1871,"Colombia is 353 Elo points stronger — the model's lean | Expected score 0.3-2.4, over-2.5 goals 51%"
GL-england-croatia,L,england,croatia,0.6612,0.2267,0.112,1.99,0.71,0.5063,0.4522,2-0,0.1327,"England is 223 Elo points stronger — the model's lean | Expected score 2.0-0.7, over-2.5 goals 51%"
GL-england-ghana,L,england,ghana,0.9032,0.0827,0.0141,3.07,0.3,0.6529,0.2512,3-0,0.1666,"England is 602 Elo points stronger — the model's lean | Expected score 3.1-0.3, over-2.5 goals 65%"
GL-england-panama,L,england,panama,0.8679,0.1118,0.0203,2.68,0.3,0.5706,0.2466,2-0,0.1829,"England is 464 Elo points stronger — the model's lean | Expected score 2.7-0.3, over-2.5 goals 57%"
GL-croatia-ghana,L,croatia,ghana,0.8401,0.1344,0.0255,2.43,0.3,0.5139,0.2426,2-0,0.1926,"Croatia is 379 Elo points stronger — the model's lean | Expected score 2.4-0.3, over-2.5 goals 51%"
GL-croatia-panama,L,croatia,panama,0.685,0.217,0.098,2.04,0.66,0.5062,0.4326,2-0,0.1397,"Croatia is 241 Elo points stronger — the model's lean | Expected score 2.0-0.7, over-2.5 goals 51%"
GL-ghana-panama,L,ghana,panama,0.1906,0.2647,0.5447,0.96,1.74,0.5063,0.5225,1-1,0.1266,"Panama is 138 Elo points stronger — the model's lean | Expected score 1.0-1.7, over-2.5 goals 51%"
