team,group,elo,advance,r16,qf,sf,final,champion,champion_ci_lo,champion_ci_hi,drivers
spain,H,2281,0.9995,0.9681,0.8926,0.7761,0.6557,0.5229,0.5131,0.5327,"Calibrated Elo 2281, Group H; advance probability 100% | Title favourite (52.3%)"
argentina,J,2174,0.9977,0.9361,0.7826,0.5797,0.3797,0.196,0.1882,0.2038,"Calibrated Elo 2174, Group J; advance probability 100% | Title favourite (19.6%)"
england,L,2114,0.9969,0.8939,0.6806,0.4402,0.2363,0.0974,0.0916,0.1032,"Calibrated Elo 2114, Group L; advance probability 100% | Title favourite (9.7%)"
france,I,2088,0.9912,0.8588,0.6156,0.371,0.1783,0.0694,0.0644,0.0744,"Calibrated Elo 2088, Group I; advance probability 99% | Live title contender (6.9%)"
portugal,K,2047,0.9856,0.8045,0.5064,0.2751,0.1194,0.0366,0.0329,0.0403,"Calibrated Elo 2047, Group K; advance probability 99% | Live title contender (3.7%)"
brazil,C,2001,0.9832,0.7518,0.4294,0.1924,0.0706,0.0177,0.0151,0.0203,"Calibrated Elo 2001, Group C; advance probability 98% | Solid qualifier, capable of a deep knockout run"
mexico,A,1910,0.9914,0.7554,0.4193,0.1772,0.0541,0.0117,0.0096,0.0138,"Calibrated Elo 1910, Group A; advance probability 99% | Solid qualifier, capable of a deep knockout run"
switzerland,B,1968,0.9919,0.7458,0.4089,0.1717,0.0531,0.0098,0.0079,0.0117,"Calibrated Elo 1968, Group B; advance probability 99% | Solid qualifier, capable of a deep knockout run"
colombia,K,1985,0.9653,0.6939,0.3564,0.1576,0.0501,0.0098,0.0079,0.0117,"Calibrated Elo 1985, Group K; advance probability 97% | Solid qualifier, capable of a deep knockout run"
belgium,G,1972,0.9882,0.75,0.4079,0.167,0.0504,0.0095,0.0076,0.0114,"Calibrated Elo 1972, Group G; advance probability 99% | Solid qualifier, capable of a deep knockout run"
netherlands,F,1970,0.975,0.6996,0.3655,0.149,0.0466,0.0082,0.0064,0.01,"Calibrated Elo 1970, Group F; advance probability 98% | Solid qualifier, capable of a deep knockout run"
croatia,L,1891,0.9556,0.5181,0.1872,0.0622,0.0134,0.0021,0.0012,0.003,"Calibrated Elo 1891, Group L; advance probability 96% | Solid qualifier, capable of a deep knockout run"
morocco,C,1904,0.9351,0.5363,0.2104,0.0665,0.0147,0.0018,0.001,0.0026,"Calibrated Elo 1904, Group C; advance probability 94% | Solid qualifier, capable of a deep knockout run"
japan,F,1895,0.9443,0.5244,0.2069,0.0644,0.0146,0.0018,0.001,0.0026,"Calibrated Elo 1895, Group F; advance probability 94% | Solid qualifier, capable of a deep knockout run"
norway,I,1908,0.9221,0.4823,0.1872,0.0619,0.0148,0.0017,0.0009,0.0025,"Calibrated Elo 1908, Group I; advance probability 92% | Solid qualifier, capable of a deep knockout run"
germany,E,1894,0.9637,0.5679,0.223,0.0667,0.0158,0.0015,0.0007,0.0023,"Calibrated Elo 1894, Group E; advance probability 96% | Solid qualifier, capable of a deep knockout run"
austria,J,1843,0.8035,0.3308,0.0993,0.0259,0.005,0.0005,0.0001,0.0009,"Calibrated Elo 1843, Group J; advance probability 80% | Solid qualifier, capable of a deep knockout run"
ecuador,E,1857,0.9474,0.4708,0.1658,0.0455,0.0064,0.0004,0,0.0008,"Calibrated Elo 1857, Group E; advance probability 95% | Solid qualifier, capable of a deep knockout run"
paraguay,D,1836,0.7718,0.3386,0.1058,0.0228,0.0034,0.0003,0,0.0006,"Calibrated Elo 1836, Group D; advance probability 77% | Solid qualifier, capable of a deep knockout run"
uruguay,H,1850,0.8952,0.3915,0.1105,0.0252,0.0047,0.0003,0,0.0006,"Calibrated Elo 1850, Group H; advance probability 90% | Solid qualifier, capable of a deep knockout run"
senegal,I,1803,0.7369,0.2266,0.0588,0.0105,0.0015,0.0003,0,0.0006,"Calibrated Elo 1803, Group I; advance probability 74% | Solid qualifier, capable of a deep knockout run"
usa,D,1766,0.7393,0.3106,0.0926,0.0197,0.0036,0.0002,0,0.0005,"Calibrated Elo 1766, Group D; advance probability 74% | Solid qualifier, capable of a deep knockout run"
australia,D,1786,0.6445,0.2192,0.0534,0.011,0.0016,0.0001,0,0.0003,"Calibrated Elo 1786, Group D; advance probability 64% | Solid qualifier, capable of a deep knockout run"
south-africa,A,1579,0.3323,0.0274,0.0025,0,0,0,0,0,"Calibrated Elo 1579, Group A; advance probability 33% | Advancing from the group is already a challenge"
south-korea,A,1722,0.7507,0.1869,0.0335,0.0046,0.0004,0,0,0,"Calibrated Elo 1722, Group A; advance probability 75% | Solid qualifier, capable of a deep knockout run"
czech-republic,A,1659,0.5862,0.0923,0.0129,0.0014,0.0001,0,0,0,"Calibrated Elo 1659, Group A; advance probability 59% | Solid qualifier, capable of a deep knockout run"
canada,B,1736,0.9205,0.3423,0.0864,0.0138,0.0014,0,0,0,"Calibrated Elo 1736, Group B; advance probability 92% | Solid qualifier, capable of a deep knockout run"
bosnia-and-herzegovina,B,1655,0.6491,0.0938,0.0125,0.0012,0.0002,0,0,0,"Calibrated Elo 1655, Group B; advance probability 65% | Solid qualifier, capable of a deep knockout run"
qatar,B,1456,0.1287,0.0041,0.0001,0,0,0,0,0,"Calibrated Elo 1456, Group B; advance probability 13% | Advancing from the group is already a challenge"
haiti,C,1586,0.1734,0.0135,0.0012,0,0,0,0,0,"Calibrated Elo 1586, Group C; advance probability 17% | Advancing from the group is already a challenge"
scotland,C,1721,0.5767,0.1104,0.0211,0.0027,0.0001,0,0,0,"Calibrated Elo 1721, Group C; advance probability 58% | Solid qualifier, capable of a deep knockout run"
turkey,D,1781,0.6412,0.2177,0.0526,0.0099,0.0015,0,0,0,"Calibrated Elo 1781, Group D; advance probability 64% | Solid qualifier, capable of a deep knockout run"
curacao,E,1494,0.0861,0.0036,0.0003,0,0,0,0,0,"Calibrated Elo 1494, Group E; advance probability 9% | Advancing from the group is already a challenge"
ivory-coast,E,1739,0.7804,0.1899,0.037,0.0044,0.0003,0,0,0,"Calibrated Elo 1739, Group E; advance probability 78% | Solid qualifier, capable of a deep knockout run"
sweden,F,1759,0.7219,0.1901,0.0438,0.0062,0.0009,0,0,0,"Calibrated Elo 1759, Group F; advance probability 72% | Solid qualifier, capable of a deep knockout run"
tunisia,F,1533,0.1009,0.0049,0.0004,0.0001,0,0,0,0,"Calibrated Elo 1533, Group F; advance probability 10% | Advancing from the group is already a challenge"
egypt,G,1732,0.7322,0.1843,0.0363,0.0056,0.0007,0,0,0,"Calibrated Elo 1732, Group G; advance probability 73% | Solid qualifier, capable of a deep knockout run"
iran,G,1738,0.7494,0.1903,0.0344,0.0048,0.0003,0,0,0,"Calibrated Elo 1738, Group G; advance probability 75% | Solid qualifier, capable of a deep knockout run"
new-zealand,G,1561,0.2236,0.0166,0.0012,0.0001,0,0,0,0,"Calibrated Elo 1561, Group G; advance probability 22% | Advancing from the group is already a challenge"
cape-verde,H,1560,0.2164,0.0133,0.0012,0.0001,0,0,0,0,"Calibrated Elo 1560, Group H; advance probability 22% | Advancing from the group is already a challenge"
saudi-arabia,H,1634,0.3935,0.0412,0.0057,0.0001,0,0,0,0,"Calibrated Elo 1634, Group H; advance probability 39% | Advancing from the group is already a challenge"
iraq,I,1546,0.0768,0.0043,0.0003,0,0,0,0,0,"Calibrated Elo 1546, Group I; advance probability 8% | Advancing from the group is already a challenge"
algeria,J,1743,0.5659,0.1355,0.0292,0.0037,0.0001,0,0,0,"Calibrated Elo 1743, Group J; advance probability 57% | Solid qualifier, capable of a deep knockout run"
jordan,J,1622,0.2374,0.0238,0.0023,0,0,0,0,0,"Calibrated Elo 1622, Group J; advance probability 24% | Advancing from the group is already a challenge"
dr-congo,K,1693,0.3635,0.0534,0.0092,0.0012,0.0001,0,0,0,"Calibrated Elo 1693, Group K; advance probability 36% | Advancing from the group is already a challenge"
uzbekistan,K,1653,0.2594,0.0303,0.0032,0.0006,0.0001,0,0,0,"Calibrated Elo 1653, Group K; advance probability 26% | Advancing from the group is already a challenge"
ghana,L,1512,0.1461,0.0068,0.0001,0,0,0,0,0,"Calibrated Elo 1512, Group L; advance probability 15% | Advancing from the group is already a challenge"
panama,L,1646,0.4624,0.0483,0.0065,0.0002,0,0,0,0,"Calibrated Elo 1646, Group L; advance probability 46% | Advancing from the group is already a challenge"
